{
	"$schema": "https://schema.management.azure.com/schemas/0.1.2-preview/CreateUIDefinition.MultiVm.json#",
	"handler": "Microsoft.Azure.CreateUIDef",
	"version": "0.1.2-preview",
	"parameters": {
		"config": {
			"resourceGroup": {
				"allowExisting": true
			}
		},
		"resourceTypes": [
			"microsoft.resources/resourcegroups"
		],
		"basics": [
			{
				"name": "adminUsername",
				"type": "Microsoft.Common.TextBox",
				"label": "FortiGate administrative username",
				"defaultValue": "",
				"toolTip": "Username for the FortiGate virtual appliance. Most not be root, administrator or admin",
				"constraints": {
					"required": true,
					"validations": [
						{
							"regex": "^[a-z0-9A-Z]{1,30}$",
							"message": "Only alphanumeric characters are allowed, and the value must be 1-30 characters long"
						},
						{
							"isValid": "[not(contains(toLower(basics('adminUsername')),'root'))]",
							"message": "Usernames must not include reserved words"
						},
						{
							"isValid": "[not(contains(toLower(basics('adminUsername')),'admin'))]",
							"message": "Usernames must not include reserved words"
						}
					]
				},
				"visible": true
			},
			{
				"name": "adminPassword",
				"type": "Microsoft.Common.PasswordBox",
				"label": {
					"password": "FortiGate password",
					"confirmPassword": "Confirm password"
				},
				"toolTip": "Password for the Virtual Machine",
				"constraints": {
					"required": true,
					"regex": "^(?:(?=.*[a-z])(?:(?=.*[A-Z])(?=.*[\\d\\W])|(?=.*\\W)(?=.*\\d))|(?=.*\\W)(?=.*[A-Z])(?=.*\\d)).{12,}$",
					"validationMessage": "The password must be between 12 characters and 72 characters, and contain characters from at least 3 of the following 4 complexity requirements: uppercase characters, lowercase characters, numbers, and special characters (regex match [\\W_])."
				},
				"options": {
					"hideConfirmation": false
				},
				"visible": true
			},
			{
				"name": "fortigateNamePrefix",
				"type": "Microsoft.Common.TextBox",
				"label": "Fortigate Name Prefix",
				"defaultValue": "",
				"toolTip": "Naming prefix for all deployed resources",
				"constraints": {
					"required": true,
					"regex": "^[A-Za-z0-9]{1,15}$",
					"validationMessage": "Only alphanumeric characters are allowed, and the value must be 1 to 15 characters."
				},
				"visible": true
			},
			{
				"name": "fortigateImageSKU",
				"type": "Microsoft.Common.DropDown",
				"label": "Fortigate Image SKU",
				"defaultValue": "Bring Your Own License",
				"toolTip": "Identifies whether to to use PAYG (on demand licensing) or BYOL license model (where license is purchased separately)",
				"constraints": {
					"required": false,
					"allowedValues": [
						{
							"label": "Bring Your Own License",
							"value": "fortinet_fg-vm"
						},
						{
							"label": "Pay As You Go",
							"value": "fortinet_fg_ey_private_offer_20210303"
						}
					]
				},
				"visible": true
			},
			{
				"name": "fortigateImageVersion",
				"type": "Microsoft.Common.DropDown",
				"label": "Fortigate Image Version",
				"defaultValue": "latest",
				"toolTip": "Only 6.x has the A/P HA feature currently",
				"constraints": {
					"required": false,
					"allowedValues": [
						{
							"label": "6.2.4",
							"value": "6.2.4"
						},
						{
							"label": "6.2.5",
							"value": "6.2.5"
						},
						{
							"label": "6.4.3",
							"value": "6.4.3"
						},
						{
							"label": "6.4.5",
							"value": "6.4.5"
						},
						{
							"label": "7.0.0",
							"value": "7.0.0"
						},
						{
							"label": "latest",
							"value": "latest"
						}
					]
				},
				"visible": true
			}
		],
		"steps": [
			{
				"name": "instancetype",
				"label": "Instance Type",
				"subLabel": {
					"preValidation": "Select instance type",
					"postValidation": "Done"
				},
				"elements": [
					{
						"name": "instancetypeinfo",
						"type": "Microsoft.Common.TextBlock",
						"visible": true,
						"options": {
							"text": "For this FortiGate deployment, it is recommended to use the general purpose or compute optimized virtual machines. A selection of supported instances sizes is listed in our documentation.",
							"link": {
								"label": "Learn more",
								"uri": "https://docs.fortinet.com/vm/azure/fortigate/7.0/azure-administration-guide/7.0.0/562841/instance-type-support"
							}
						}
					},
					{
						"name": "instancetypeselection",
						"type": "Microsoft.Compute.SizeSelector",
						"label": "Size",
						"toolTip": "Select the instance size of your FortiGate VM solution. Minimum 4 NICs are required.",
						"recommendedSizes": [
							"Standard_F2s",
							"Standard_F1s",
							"Standard_F4s",
							"Standard_F8s",
							"Standard_F16s",
							"Standard_F1",
							"Standard_F2",
							"Standard_F4",
							"Standard_F8",
							"Standard_F16",
							"Standard_F1s_v2",
							"Standard_F2s_v2",
							"Standard_F4s_v2",
							"Standard_F8s_v2",
							"Standard_F16s_v2",
							"Standard_F32s_v2",
							"Standard_DS1_v2",
							"Standard_DS2_v2",
							"Standard_DS3_v2",
							"Standard_DS4_v2",
							"Standard_DS5_v2",
							"Standard_D1s_v3",
							"Standard_D2s_v3",
							"Standard_D4s_v3",
							"Standard_D8s_v3",
							"Standard_D16s_v3",
							"Standard_D32s_v3"
						],
						"options": {
							"hideDiskTypeFilter": false
						},
						"osPlatform": "Linux",
						"imageReference": {
							"publisher": "Fortinet",
							"offer": "fortinet_fortigate-vm_v5",
							"sku": "[basics('fortigateImageSKU')]"
						},
						"count": 2,
						"visible": true
					}
				]
			},
			{
				"name": "networking",
				"label": "Networking",
				"subLabel": {
					"preValidation": "Configure internal networking",
					"postValidation": "Done"
				},
				"elements": [
					{
						"name": "virtualnetworksection",
						"type": "Microsoft.Common.Section",
						"label": "Configure Internal Networking",
						"elements": [
							{
								"name": "virtualnetworktext",
								"type": "Microsoft.Common.TextBlock",
								"visible": true,
								"options": {
									"text": "Create a new or select an existing virtual network with the required subnets."
								}
							},
							{
								"name": "virtualnetwork",
								"type": "Microsoft.Network.VirtualNetworkCombo",
								"label": {
									"virtualNetwork": "Virtual network",
									"subnets": "Subnets"
								},
								"toolTip": {
									"virtualNetwork": "Virtual Network for deployment of the FortiGate VM solution",
									"subnets": "Standard deployment is to have an "
								},
								"defaultValue": {
									"name": "FortiGate-VNET",
									"addressPrefixSize": "/22"
								},
								"constraints": {
									"minAddressPrefixSize": "/24"
								},
								"options": {
									"hideExisting": false
								},
								"subnets": {
									"subnet1": {
										"label": "External Subnet",
										"defaultValue": {
											"name": "ExternalSubnet",
											"addressPrefixSize": "/26"
										},
										"constraints": {
											"minAddressPrefixSize": "/27",
											"minAddressCount": 12,
											"requireContiguousAddresses": true
										}
									},
									"subnet2": {
										"label": "Internal subnet",
										"defaultValue": {
											"name": "InternalSubnet",
											"addressPrefixSize": "/26"
										},
										"constraints": {
											"minAddressPrefixSize": "/27",
											"minAddressCount": 8,
											"requireContiguousAddresses": true
										}
									},
									"subnet3": {
										"label": "Protected subnet",
										"defaultValue": {
											"name": "ProtectedSubnet",
											"addressPrefixSize": "/24"
										},
										"constraints": {
											"minAddressPrefixSize": "/27",
											"minAddressCount": 8,
											"requireContiguousAddresses": true
										}
									}
								},
								"visible": true
							},
							{
								"name": "virtualnetworkinfo",
								"type": "Microsoft.Common.InfoBox",
								"visible": true,
								"options": {
									"icon": "Info",
									"text": "The internal subnet is a transit subnet containing only the FortiGate interfaces for traffic to and from the internal networks. Internal systems should be installed in a protected subnet with user defined route configuration.",
									"uri": "https://github.com/fortinet/azure-templates/tree/main/FortiGate/Active-Active-ELB-ILB"
								}
							}
						]
					},
					{
						"name": "acceleratednetworksection",
						"type": "Microsoft.Common.Section",
						"label": "Accelerated networking",
						"elements": [
							{
								"name": "acceleratednetworkingtext",
								"type": "Microsoft.Common.TextBlock",
								"visible": true,
								"options": {
									"text": "Enables SR-IOV support allowing direct acces from the NIC in the Azure infrastructure to the FortiGate VM.",
									"link": {
										"label": "Learn more",
										"uri": "https://docs.fortinet.com/document/fortigate/6.4.0/azure-cookbook/651644/enabling-accelerated-networking-on-the-fortigate-vm"
									}
								}
							},
							{
								"name": "acceleratednetworking",
								"type": "Microsoft.Common.OptionsGroup",
								"label": "Accelerated Networking",
								"defaultValue": "Enabled",
								"toolTip": "Accelerated Networking enables direct connection between the VM and network card. Only available on 2 CPU F/Fs and 4 CPU D/Dsv2, D/Dsv3, E/Esv3, Fsv2, Lsv2, Ms/Mms and Ms/Mmsv2",
								"constraints": {
									"required": false,
									"allowedValues": [
										{
											"label": "Enabled",
											"value": "true"
										},
										{
											"label": "Disabled",
											"value": "false"
										}
									]
								},
								"visible": true
							},
							{
								"name": "acceleratednetworkinginfo",
								"type": "Microsoft.Common.InfoBox",
								"visible": true,
								"options": {
									"icon": "Info",
									"text": "Accelerated Networking is supported on most general purpose and compute-optimized instance sizes with 2 or more vCPUs. On instances that support hyperthreading, Accelerated Networking is supported on VM instances with 4 or more vCPUs. Deployment with the accelerated networking feature enabled on a host that doesn't support it will result in a failure to connect to it. The accelerated networking can be disabled after deployment from the Azure Portal or Azure CLI.",
									"uri": "https://docs.microsoft.com/en-us/azure/virtual-machines/sizes"
								}
							}
						]
					}
				]
			},
			{
				"name": "publicip",
				"label": "Public IP",
				"subLabel": {
					"preValidation": "Configure public networking",
					"postValidation": "Done"
				},
				"elements": [
					{
						"name": "publiciptext",
						"type": "Microsoft.Common.TextBlock",
						"visible": true,
						"options": {
							"text": "The Load Balancer public IP will be used for public services hosted on the FortiGate such as IPSEC termination or services behind the Fortigate such as a webserver. The FortiGate Management public IPs are used for management of the virtual machines. They are also used for the Fabric connector to retrieve information from the Azure platform."
						}
					},
					{
						"name": "loadbalancerpublicip",
						"type": "Microsoft.Network.PublicIpAddressCombo",
						"label": {
							"publicIpAddress": "Public IP address",
							"domainNameLabel": "Domain name label"
						},
						"toolTip": {
							"publicIpAddress": "Public IP attached to the public load balancer",
							"domainNameLabel": "DNS name linked to this public IP"
						},
						"defaultValue": {
							"publicIpAddressName": "FGTPublicIP",
							"domainNameLabel": "mydomain"
						},
						"constraints": {
							"required": {
								"domainNameLabel": false
							}
						},
						"options": {
							"hideNone": true,
							"hideDomainNameLabel": true
						},
						"visible": true
					},
					{
						"name": "standardsku",
						"type": "Microsoft.Common.InfoBox",
						"visible": true,
						"options": {
							"icon": "Info",
							"text": "This deployment uses a Standard SKU Azure Load Balancer and requires a Standard SKU public IP. Microsoft Azure offers a migration path from a basic to standard SKU public IP.",
							"uri": "https://docs.microsoft.com/en-us/azure/virtual-network/virtual-network-public-ip-address-upgrade?tabs=option-upgrade-cli%2Coption-migrate-powershell"
						}
					}
				]
			},
			{
				"name": "publicipreview",
				"label": "Public IP Verification",
				"subLabel": {
					"preValidation": "Public IP SKU Review",
					"postValidation": "Done"
				},
				"bladeTitle": "Public IP SKU Review",
				"elements": [
					{
						"name": "BasicIPWarning1",
						"type": "Microsoft.Common.InfoBox",
						"options": {
							"icon": "Error",
							"text": "The External Load Balancer Public IP is configured using Basic SKU. Please return to previous blade and use Standard type public IPs to support Azure Standard Load Balancers"
						},
						"visible": "[not(equals(steps('publicip').loadbalancerpublicip.sku, 'Standard'))]"
					},
					{
						"name": "StandardIPConfirmation1",
						"type": "Microsoft.Common.InfoBox",
						"options": {
							"icon": "Info",
							"text": "The External Load Balancer Public IP is Standard SKU. Proceed."
						},
						"visible": "[equals(steps('publicip').loadbalancerpublicip.sku, 'Standard')]"
					},
					{
						"name": "BasicIPWarning2",
						"type": "Microsoft.Common.InfoBox",
						"options": {
							"icon": "Error",
							"text": "The FortiGate A management Public IP is configured using Basic SKU. Please return to previous blade and use Standard type public IPs to support Azure Standard Load Balancers"
						},
						"visible": "[not(equals(steps('publicip').fgtamgmtpublicip.sku, 'Standard'))]"
					},
					{
						"name": "StandardIPConfirmation2",
						"type": "Microsoft.Common.InfoBox",
						"options": {
							"icon": "Info",
							"text": "The FortiGate A management Public IP is Standard SKU. Proceed."
						},
						"visible": "[equals(steps('publicip').fgtamgmtpublicip.sku, 'Standard')]"
					},
					{
						"name": "BasicIPWarning3",
						"type": "Microsoft.Common.InfoBox",
						"options": {
							"icon": "Error",
							"text": "The FortiGate B management Public IP is configured using Basic SKU. Please return to previous blade and use Standard type public IPs to support Azure Standard Load Balancers"
						},
						"visible": "[not(equals(steps('publicip').fgtbmgmtpublicip.sku, 'Standard'))]"
					},
					{
						"name": "StandardIPConfirmation3",
						"type": "Microsoft.Common.InfoBox",
						"options": {
							"icon": "Info",
							"text": "The FortiGate B management Public IP is Standard SKU. Proceed."
						},
						"visible": "[equals(steps('publicip').fgtbmgmtpublicip.sku, 'Standard')]"
					}
				]
			},
			{
				"name": "advanced",
				"label": "Advanced",
				"subLabel": {
					"preValidation": "Configure central management",
					"postValidation": "Done"
				},
				"elements": [
					{
						"name": "fortimanager",
						"type": "Microsoft.Common.Section",
						"label": "FortiManager",
						"elements": [
							{
								"name": "fortimanagertext",
								"type": "Microsoft.Common.TextBlock",
								"visible": true,
								"options": {
									"text": "Connect to FortiManager"
								}
							},
							{
								"name": "enabled",
								"type": "Microsoft.Common.OptionsGroup",
								"label": "Connect to FortiManager",
								"defaultValue": "no",
								"toolTip": "FortiManager needs to be reachable from port 1 or port 2 of the FortiGate",
								"constraints": {
									"allowedValues": [
										{
											"label": "yes",
											"value": "yes"
										},
										{
											"label": "no",
											"value": "no"
										}
									],
									"required": true
								},
								"visible": true
							},
							{
								"name": "fortimanagerip",
								"type": "Microsoft.Common.TextBox",
								"label": "FortiManager IP address",
								"defaultValue": "",
								"toolTip": "Provide the IP address or DNS name of the FortiManager reachable over port TCP/541",
								"constraints": {
									"required": false,
									"regex": "^[A-Za-z0-9.]{1,64}$",
									"validationMessage": "Only alphanumeric characters are allowed, and the value must be 1 to 15 characters."
								},
								"visible": true
							},
							{
								"name": "fortimanagerserial",
								"type": "Microsoft.Common.TextBox",
								"label": "FortiManager Serial Number",
								"defaultValue": "",
								"toolTip": "Provide the serial number of the FortiManager",
								"constraints": {
									"required": false,
									"regex": "^[A-Za-z0-9]{1,64}$",
									"validationMessage": "Only alphanumeric characters are allowed, and the value must be 1 to 15 characters."
								},
								"visible": true
							}
						],
						"visible": true
					},
					{
						"name": "customdata",
						"type": "Microsoft.Common.Section",
						"label": "Custom Data",
						"elements": [
							{
								"name": "customdatatext",
								"type": "Microsoft.Common.TextBlock",
								"visible": true,
								"options": {
									"text": "Pass a configuration file into the virtual machine while it is being provisioned. This is additional to the configuration for this architecture."
								}
							},
							{
								"name": "config",
								"type": "Microsoft.Common.TextBox",
								"label": "Custom Data",
								"toolTip": "Custom Data",
								"placeholder": "Add you required additional configuration here.",
								"multiLine": true,
								"constraints": {
									"required": false,
									"validations": [
										{
											"regex": "^[\\w\\W\n\t]{0,10240}$",
											"message": "All characters allowed, max 10240 characters."
										}
									]
								},
								"visible": true
							},
							{
								"name": "standardsku",
								"type": "Microsoft.Common.InfoBox",
								"visible": true,
								"options": {
									"icon": "Info",
									"text": "The default configuration already included in this deployment can be found on our github page. ",
									"uri": "https://github.com/fortinet/azure-templates/blob/main/FortiGate/Active-Active-ELB-ILB/doc/config-provisioning.md"
								}
							}
						]
					},
					{
						"name": "fgtlicense",
						"type": "Microsoft.Common.Section",
						"label": "FortiGate License",
						"elements": [
							{
								"name": "customdatatext",
								"type": "Microsoft.Common.TextBlock",
								"visible": true,
								"options": {
									"text": "When using BYOL, you can upload the license file retrieved from support.fortinet.com here."
								}
							},
							{
								"name": "licenseacontent",
								"type": "Microsoft.Common.FileUpload",
								"label": "FortiGate A License",
								"toolTip": "Upload the license file for the primary FortiGate BYOL here.",
								"constraints": {
									"required": false,
									"accept": ".lic,.txt"
								},
								"options": {
									"multiple": false,
									"uploadMode": "file",
									"openMode": "text",
									"encoding": "UTF-8"
								},
								"visible": true
							},
							{
								"name": "licensebcontent",
								"type": "Microsoft.Common.FileUpload",
								"label": "FortiGate B License",
								"toolTip": "Upload the license file for the secondary FortiGate BYOL here.",
								"constraints": {
									"required": false,
									"accept": ".lic,.txt"
								},
								"options": {
									"multiple": false,
									"uploadMode": "file",
									"openMode": "text",
									"encoding": "UTF-8"
								},
								"visible": true
							},
							{
								"name": "skuPaygWarning",
								"type": "Microsoft.Common.InfoBox",
								"options": {
									"icon": "Warning",
									"text": "Pay as you go licenses was selected in the basics blade. The licenses uploaded here will not be used."
								},
								"visible": "[not(equals(basics('fortigateImageSKU'), 'fortinet_fg-vm'))]"
							}
						]
					}
				]
			}
		],
		"outputs": {
			"fortiGateNamePrefix": "[basics('fortigateNamePrefix')]",
			"fortiGateImageSKU": "[basics('fortigateImageSKU')]",
			"fortiGateImageVersion": "[basics('fortigateImageVersion')]",
			"adminUsername": "[basics('adminUsername')]",
			"adminPassword": "[basics('adminPassword')]",
			"location": "[location()]",
			"instanceType": "[steps('instancetype').instancetypeselection]",
			"acceleratedNetworking": "[steps('networking').acceleratednetworksection.acceleratednetworking]",
			"publicIPNewOrExisting": "[steps('publicip').loadbalancerpublicip.newOrExistingOrNone]",
			"publicIPName": "[steps('publicip').loadbalancerpublicip.name]",
			"publicIPResourceGroup": "[steps('publicip').loadbalancerpublicip.resourceGroup]",
			"vnetNewOrExisting": "[steps('networking').virtualnetworksection.virtualnetwork.newOrExisting]",
			"vnetName": "[steps('networking').virtualnetworksection.virtualnetwork.name]",
			"vnetResourceGroup": "[steps('networking').virtualnetworksection.virtualnetwork.resourceGroup]",
			"vnetAddressPrefix": "[steps('networking').virtualnetworksection.virtualnetwork.addressPrefix]",
			"subnet1Name": "[steps('networking').virtualnetworksection.virtualnetwork.subnets.subnet1.name]",
			"subnet1Prefix": "[steps('networking').virtualnetworksection.virtualnetwork.subnets.subnet1.addressPrefix]",
			"subnet1StartAddress": "[steps('networking').virtualnetworksection.virtualnetwork.subnets.subnet1.startAddress]",
			"subnet2Name": "[steps('networking').virtualnetworksection.virtualnetwork.subnets.subnet2.name]",
			"subnet2Prefix": "[steps('networking').virtualnetworksection.virtualnetwork.subnets.subnet2.addressPrefix]",
			"subnet2StartAddress": "[steps('networking').virtualnetworksection.virtualnetwork.subnets.subnet2.startAddress]",
			"subnet3Name": "[steps('networking').virtualnetworksection.virtualnetwork.subnets.subnet3.name]",
			"subnet3Prefix": "[steps('networking').virtualnetworksection.virtualnetwork.subnets.subnet3.addressPrefix]",
			"fortiManager": "[steps('advanced').fortimanager.enabled]",
			"fortiManagerIP": "[steps('advanced').fortimanager.fortimanagerip]",
			"fortiManagerSerial": "[steps('advanced').fortimanager.fortimanagerserial]",
			"fortiGateAditionalCustomData": "[steps('advanced').customdata.config]",
			"fortiGateLicenseBYOLA": "[steps('advanced').fgtlicense.licenseacontent]",
			"fortiGateLicenseBYOLB": "[steps('advanced').fgtlicense.licensebcontent]"
		}
	}
}