{
  "$schema": "https://schema.management.azure.com/schemas/0.1.2-preview/CreateUIDefinition.MultiVm.json#",
  "handler": "Microsoft.Azure.CreateUIDef",
  "version": "0.1.2-preview",
  "parameters": {
    "config": {
      "resourceGroup": {
        "allowExisting": true
      }
    },
    "resourceTypes": ["microsoft.resources/resourcegroups"],
    "basics": [
      {
        "name": "adminUsername",
        "type": "Microsoft.Common.TextBox",
        "label": "FortiGate administrative username",
        "defaultValue": "",
        "toolTip": "Username for the FortiGate virtual appliance. Most not be root, administrator or admin",
        "constraints": {
          "required": true,
          "validations": [
            {
              "regex": "^[a-z0-9A-Z]{1,30}$",
              "message": "Only alphanumeric characters are allowed, and the value must be 1-30 characters long"
            },
            {
              "isValid": "[not(contains(toLower(basics('adminUsername')),'root'))]",
              "message": "Usernames must not include reserved words"
            },
            {
              "isValid": "[not(contains(toLower(basics('adminUsername')),'admin'))]",
              "message": "Usernames must not include reserved words"
            }
          ]
        },
        "visible": true
      },
      {
        "name": "adminPassword",
        "type": "Microsoft.Common.PasswordBox",
        "label": {
          "password": "FortiGate password",
          "confirmPassword": "Confirm password"
        },
        "toolTip": "Password for the Virtual Machine",
        "constraints": {
          "required": true,
          "regex": "^(?:(?=.*[a-z])(?:(?=.*[A-Z])(?=.*[\\d\\W])|(?=.*\\W)(?=.*\\d))|(?=.*\\W)(?=.*[A-Z])(?=.*\\d)).{12,}$",
          "validationMessage": "The password must be between 12 characters and 72 characters, and contain characters from at least 3 of the following 4 complexity requirements: uppercase characters, lowercase characters, numbers, and special characters."
        },
        "options": {
          "hideConfirmation": false
        },
        "visible": true
      },
      {
        "name": "fortigateNamePrefix",
        "type": "Microsoft.Common.TextBox",
        "label": "Fortigate Name Prefix",
        "defaultValue": "",
        "toolTip": "Naming prefix for all deployed resources",
        "constraints": {
          "required": true,
          "regex": "^[A-Za-z0-9]{1,15}$",
          "validationMessage": "Only alphanumeric characters are allowed, and the value must be 1 to 15 characters."
        },
        "visible": true
      },
      {
        "name": "fortigateImageSKU",
        "type": "Microsoft.Common.DropDown",
        "label": "Fortigate Image SKU",
        "defaultValue": "Pay As You Go",
        "toolTip": "License model",
        "constraints": {
          "required": false,
          "allowedValues": [
            {
              "label": "Pay As You Go",
              "value": "fortinet_fg_ey_private_offer_20221102"
            }
          ]
        },
        "visible": true
      },
      {
        "name": "fortigateImageVersion",
        "type": "Microsoft.Common.DropDown",
        "label": "Fortigate Image Version",
        "defaultValue": "latest",
        "toolTip": "Pick FortiGate Version",
        "constraints": {
          "required": false,
          "allowedValues": [
            {
              "label": "6.4.7",
              "value": "6.4.7"
            },
            {
              "label": "6.4.8",
              "value": "6.4.8"
            },
            {
              "label": "6.4.9",
              "value": "6.4.9"
            },
            {
              "label": "6.4.10",
              "value": "6.4.10"
            },
            {
              "label": "6.4.11",
              "value": "6.4.11"
            },
            {
              "label": "7.0.3",
              "value": "7.0.3"
            },
            {
              "label": "7.0.4",
              "value": "7.0.4"
            },
            {
              "label": "7.0.5",
              "value": "7.0.5"
            },
            {
              "label": "7.0.6",
              "value": "7.0.6"
            },
            {
              "label": "7.0.7",
              "value": "7.0.7"
            },
            {
              "label": "7.0.8",
              "value": "7.0.8"
            },
            {
              "label": "7.2.0",
              "value": "7.2.0"
            },
            {
              "label": "7.2.1",
              "value": "7.2.1"
            },
            {
              "label": "7.2.2",
              "value": "7.2.2"
            },
            {
              "label": "latest",
              "value": "latest"
            }
          ]
        },
        "visible": true
      }
    ],
    "steps": [
      {
        "name": "instancetype",
        "label": "Instance Type",
        "subLabel": {
          "preValidation": "Select instance type",
          "postValidation": "Done"
        },
        "elements": [
          {
            "name": "instancetypeinfo",
            "type": "Microsoft.Common.TextBlock",
            "visible": true,
            "options": {
              "text": "For this FortiGate deployment, it is recommended to use the general purpose or compute optimized virtual machines. A selection of supported instances sizes is listed in our documentation.",
              "link": {
                "label": "Learn more",
                "uri": "https://docs.fortinet.com/document/fortigate-public-cloud/7.2.0/azure-administration-guide/562841/instance-type-support"
              }
            }
          },
          {
            "name": "instancetypeselection",
            "type": "Microsoft.Compute.SizeSelector",
            "label": "Size",
            "toolTip": "Select the instance type of your FortiGate VM.",
            "recommendedSizes": [
              "Standard_F4",
              "Standard_F4s",
              "Standard_F4s_v2",
              "Standard_DS3_v2",
              "Standard_D4s_v3",
              "Standard_D4_v4",
              "Standard_D4s_v4",
              "Standard_D4a_v4",
              "Standard_D4as_v4",
              "Standard_D4_v5",
              "Standard_D4s_v5",
              "Standard_D4as_v5",
              "Standard_D4ads_v5"
            ],
            "options": {
              "hideDiskTypeFilter": false
            },
            "osPlatform": "Linux",
            "imageReference": {
              "publisher": "Fortinet",
              "offer": "fortinet_fortigate-vm_v5",
              "sku": "[basics('fortigateImageSKU')]"
            },
            "count": 1,
            "visible": true
          }
        ]
      },
      {
        "name": "networking",
        "label": "Networking",
        "subLabel": {
          "preValidation": "Configure networking",
          "postValidation": "Done"
        },
        "elements": [
          {
            "name": "virtualnetworksection",
            "type": "Microsoft.Common.Section",
            "label": "Configure Internal Networking",
            "elements": [
              {
                "name": "virtualnetworktext",
                "type": "Microsoft.Common.TextBlock",
                "visible": true,
                "options": {
                  "text": "Create a new or select an existing virtual network with the required subnets."
                }
              },
              {
                "name": "virtualnetwork",
                "type": "Microsoft.Network.VirtualNetworkCombo",
                "label": {
                  "virtualNetwork": "Virtual network",
                  "subnets": "Subnets"
                },
                "toolTip": {
                  "virtualNetwork": "Virtual Network for deployment of the FortiGate VM solution",
                  "subnets": "Standard deployment is to have an external and internal subnet"
                },
                "defaultValue": {
                  "name": "FortiGate-VNET",
                  "addressPrefixSize": "/22"
                },
                "constraints": {
                  "minAddressPrefixSize": "/24"
                },
                "options": {
                  "hideExisting": false
                },
                "subnets": {
                  "subnet1": {
                    "label": "External Subnet",
                    "defaultValue": {
                      "name": "ExternalSubnet",
                      "addressPrefixSize": "/26"
                    },
                    "constraints": {
                      "minAddressPrefixSize": "/27",
                      "minAddressCount": 12,
                      "requireContiguousAddresses": true
                    }
                  },
                  "subnet2": {
                    "label": "Internal subnet",
                    "defaultValue": {
                      "name": "InternalSubnet",
                      "addressPrefixSize": "/26"
                    },
                    "constraints": {
                      "minAddressPrefixSize": "/27",
                      "minAddressCount": 8,
                      "requireContiguousAddresses": true
                    }
                  },
                  "subnet3": {
                    "label": "Protected subnet",
                    "defaultValue": {
                      "name": "ProtectedSubnet",
                      "addressPrefixSize": "/24"
                    },
                    "constraints": {
                      "minAddressPrefixSize": "/27",
                      "minAddressCount": 8,
                      "requireContiguousAddresses": true
                    }
                  }
                },
                "visible": true
              },
              {
                "name": "virtualnetworkinfo",
                "type": "Microsoft.Common.InfoBox",
                "visible": true,
                "options": {
                  "icon": "Info",
                  "text": "The external subnet will have a public IP attached to the FortiGate network interface. The internal subnet is a transit subnet containing only the FortiGate interfaces for traffic to and from the internal networks. Internal systems should be installed in a protected subnet or VNET with user defined route configuration.",
                  "uri": "https://github.com/fortinet/azure-templates/tree/main/FortiGate"
                }
              }
            ]
          },
          {
            "name": "acceleratednetworksection",
            "type": "Microsoft.Common.Section",
            "label": "Accelerated networking",
            "elements": [
              {
                "name": "acceleratednetworkingtext",
                "type": "Microsoft.Common.TextBlock",
                "visible": true,
                "options": {
                  "text": "Enables SR-IOV support allowing direct acces from the NIC in the Azure infrastructure to the FortiGate VM.",
                  "link": {
                    "label": "Learn more",
                    "uri": "https://docs.fortinet.com/document/fortigate-public-cloud/7.2.0/azure-administration-guide/651644/enabling-accelerated-networking-on-the-fortigate-vm"
                  }
                }
              },
              {
                "name": "acceleratednetworking",
                "type": "Microsoft.Common.OptionsGroup",
                "label": "Accelerated Networking",
                "defaultValue": "Enabled",
                "toolTip": "Accelerated Networking enables direct connection between the VM and network card.",
                "constraints": {
                  "required": false,
                  "allowedValues": [
                    {
                      "label": "Enabled",
                      "value": "true"
                    },
                    {
                      "label": "Disabled",
                      "value": "false"
                    }
                  ]
                },
                "visible": true
              },
              {
                "name": "acceleratednetworkinginfo",
                "type": "Microsoft.Common.InfoBox",
                "visible": true,
                "options": {
                  "icon": "Info",
                  "text": "Accelerated Networking is supported on most general purpose and compute-optimized instance sizes with 2 or more vCPUs. On instances that support hyperthreading, Accelerated Networking is supported on VM instances with 4 or more vCPUs. Deployment with the accelerated networking feature enabled on a host that doesn't support it will result in a failure to connect to it. The accelerated networking can be disabled after deployment from the Azure Portal or Azure CLI.",
                  "uri": "https://docs.microsoft.com/en-us/azure/virtual-machines/sizes"
                }
              }
            ]
          }
        ]
      },
      {
        "name": "publicip",
        "label": "Public IP",
        "subLabel": {
          "preValidation": "Configure public networking",
          "postValidation": "Done"
        },
        "elements": [
          {
            "name": "publiciptext",
            "type": "Microsoft.Common.TextBlock",
            "visible": true,
            "options": {
              "text": "The public IP will be used for public services hosted on the FortiGate such as IPSEC termination, management of the FortiGate from external or services behind the Fortigate such as a webserver."
            }
          },
          {
            "name": "publicip",
            "type": "Microsoft.Network.PublicIpAddressCombo",
            "label": {
              "publicIpAddress": "Public IP address",
              "domainNameLabel": "Domain name label"
            },
            "toolTip": {
              "publicIpAddress": "Public IP attached to FortiGate VM",
              "domainNameLabel": "DNS name linked to this public IP"
            },
            "defaultValue": {
              "publicIpAddressName": "FGTPublicIP",
              "domainNameLabel": "mydomain"
            },
            "constraints": {
              "required": {
                "domainNameLabel": false
              }
            },
            "options": {
              "hideNone": false,
              "hideDomainNameLabel": true
            },
            "visible": true
          },
          {
            "name": "standardsku",
            "type": "Microsoft.Common.InfoBox",
            "visible": true,
            "options": {
              "icon": "Info",
              "text": "This deployment can use standard or basic SKU public IP's. Moving to a Active/Passive or Active/Active setup requires the use of a standard SKU public IP. Microsoft Azure offers a migration path from a basic to standard SKU public IP.",
              "uri": "https://docs.microsoft.com/en-us/azure/virtual-network/virtual-network-public-ip-address-upgrade?tabs=option-upgrade-cli%2Coption-migrate-powershell"
            }
          }
        ]
      },
      {
        "name": "advanced",
        "label": "Advanced",
        "subLabel": {
          "preValidation": "Configure central management",
          "postValidation": "Done"
        },
        "elements": [
          {
            "name": "fortimanager",
            "type": "Microsoft.Common.Section",
            "label": "FortiManager",
            "elements": [
              {
                "name": "fortimanagertext",
                "type": "Microsoft.Common.TextBlock",
                "visible": true,
                "options": {
                  "text": "Connect to FortiManager"
                }
              },
              {
                "name": "enabled",
                "type": "Microsoft.Common.OptionsGroup",
                "label": "Connect to FortiManager",
                "defaultValue": "no",
                "toolTip": "FortiManager needs to be reachable from port 1 or port 2 of the FortiGate",
                "constraints": {
                  "allowedValues": [
                    {
                      "label": "yes",
                      "value": "yes"
                    },
                    {
                      "label": "no",
                      "value": "no"
                    }
                  ],
                  "required": true
                },
                "visible": true
              },
              {
                "name": "fortimanagerip",
                "type": "Microsoft.Common.TextBox",
                "label": "FortiManager IP address",
                "defaultValue": "",
                "toolTip": "Provide the IP address or DNS name of the FortiManager reachable over port TCP/541",
                "constraints": {
                  "required": false,
                  "regex": "^[A-Za-z0-9.]{1,64}$",
                  "validationMessage": "Only alphanumeric characters and dots are allowed, and the value must be 1 to 64 characters."
                },
                "visible": true
              },
              {
                "name": "fortimanagerserial",
                "type": "Microsoft.Common.TextBox",
                "label": "FortiManager Serial Number",
                "defaultValue": "",
                "toolTip": "Provide the serial number of the FortiManager",
                "constraints": {
                  "required": false,
                  "regex": "^[A-Za-z0-9-]{1,64}$",
                  "validationMessage": "Only alphanumeric characters and a dash are allowed, and the value must be 1 to 64 characters."
                },
                "visible": true
              }
            ],
            "visible": true
          },
          {
            "name": "customdata",
            "type": "Microsoft.Common.Section",
            "label": "Custom Data",
            "elements": [
              {
                "name": "customdatatext",
                "type": "Microsoft.Common.TextBlock",
                "visible": true,
                "options": {
                  "text": "Pass a configuration file into the virtual machine while it is being provisioned. This is additional to the configuration for this architecture."
                }
              },
              {
                "name": "config",
                "type": "Microsoft.Common.TextBox",
                "label": "Custom Data",
                "toolTip": "Custom Data",
                "placeholder": "Add you required additional configuration here.",
                "multiLine": true,
                "constraints": {
                  "required": false,
                  "validations": [
                    {
                      "regex": "^[\\w\\W\n\t]{0,10240}$",
                      "message": "All characters allowed, max 10240 characters."
                    }
                  ]
                },
                "visible": true
              },
              {
                "name": "standardsku",
                "type": "Microsoft.Common.InfoBox",
                "visible": true,
                "options": {
                  "icon": "Info",
                  "text": "The default configuration already included in this deployment can be found on our github page. ",
                  "uri": "https://github.com/fortinet/azure-templates/blob/main/FortiGate/A-Single-VM/doc/config-provisioning.md"
                }
              }
            ]
          }
        ]
      }
    ],
    "outputs": {
      "fortiGateNamePrefix": "[basics('fortigateNamePrefix')]",
      "fortiGateImageSKU": "[basics('fortigateImageSKU')]",
      "fortiGateImageVersion": "[basics('fortigateImageVersion')]",
      "adminUsername": "[basics('adminUsername')]",
      "adminPassword": "[basics('adminPassword')]",
      "location": "[location()]",
      "instanceType": "[steps('instancetype').instancetypeselection]",
      "acceleratedNetworking": "[steps('networking').acceleratednetworksection.acceleratednetworking]",
      "publicIPNewOrExisting": "[steps('publicip').publicip.newOrExistingOrNone]",
      "publicIPName": "[steps('publicip').publicip.name]",
      "publicIPResourceGroup": "[steps('publicip').publicip.resourceGroup]",
      "publicIPAddressType": "[steps('publicip').publicip.publicIPAllocationMethod]",
      "vnetNewOrExisting": "[steps('networking').virtualnetworksection.virtualnetwork.newOrExisting]",
      "vnetName": "[steps('networking').virtualnetworksection.virtualnetwork.name]",
      "vnetResourceGroup": "[steps('networking').virtualnetworksection.virtualnetwork.resourceGroup]",
      "vnetAddressPrefix": "[steps('networking').virtualnetworksection.virtualnetwork.addressPrefix]",
      "subnet1Name": "[steps('networking').virtualnetworksection.virtualnetwork.subnets.subnet1.name]",
      "subnet1Prefix": "[steps('networking').virtualnetworksection.virtualnetwork.subnets.subnet1.addressPrefix]",
      "subnet1StartAddress": "[steps('networking').virtualnetworksection.virtualnetwork.subnets.subnet1.startAddress]",
      "subnet2Name": "[steps('networking').virtualnetworksection.virtualnetwork.subnets.subnet2.name]",
      "subnet2Prefix": "[steps('networking').virtualnetworksection.virtualnetwork.subnets.subnet2.addressPrefix]",
      "subnet2StartAddress": "[steps('networking').virtualnetworksection.virtualnetwork.subnets.subnet2.startAddress]",
      "subnet3Name": "[steps('networking').virtualnetworksection.virtualnetwork.subnets.subnet3.name]",
      "subnet3Prefix": "[steps('networking').virtualnetworksection.virtualnetwork.subnets.subnet3.addressPrefix]",
      "fortiManager": "[steps('advanced').fortimanager.enabled]",
      "fortiManagerIP": "[steps('advanced').fortimanager.fortimanagerip]",
      "fortiManagerSerial": "[steps('advanced').fortimanager.fortimanagerserial]",
      "fortiGateAditionalCustomData": "[steps('advanced').customdata.config]"
    }
  }
}
